<?xml version="1.0" encoding="UTF-8"?>
<spirit:component xmlns:xilinx="http://www.xilinx.com" xmlns:spirit="http://www.spiritconsortium.org/XMLSchema/SPIRIT/1685-2009" xmlns:xsi="http://www.w3.org/2001/XMLSchema-instance">
  <spirit:vendor>xilinx.com</spirit:vendor>
  <spirit:library>customized_ip</spirit:library>
  <spirit:name>system_xlconstant_0_0</spirit:name>
  <spirit:version>1.0</spirit:version>
  <spirit:model>
    <spirit:views>
      <spirit:view>
        <spirit:name>xilinx_veriloginstantiationtemplate</spirit:name>
        <spirit:displayName>Verilog Instantiation Template</spirit:displayName>
        <spirit:envIdentifier>verilogSource:vivado.xilinx.com:synthesis.template</spirit:envIdentifier>
        <spirit:language>verilog</spirit:language>
        <spirit:fileSetRef>
          <spirit:localName>xilinx_veriloginstantiationtemplate_view_fileset</spirit:localName>
        </spirit:fileSetRef>
        <spirit:parameters>
          <spirit:parameter>
            <spirit:name>customizationCRC</spirit:name>
            <spirit:value>86af155d</spirit:value>
          </spirit:parameter>
          <spirit:parameter>
            <spirit:name>customizationCRCversion</spirit:name>
            <spirit:value>4</spirit:value>
          </spirit:parameter>
          <spirit:parameter>
            <spirit:name>GENtimestamp</spirit:name>
            <spirit:value>Sat Jan 10 13:49:43 UTC 2015</spirit:value>
          </spirit:parameter>
          <spirit:parameter>
            <spirit:name>StaleAtRelink</spirit:name>
            <spirit:value>false</spirit:value>
          </spirit:parameter>
        </spirit:parameters>
      </spirit:view>
      <spirit:view>
        <spirit:name>xilinx_verilogsynthesis</spirit:name>
        <spirit:displayName>Verilog Synthesis</spirit:displayName>
        <spirit:envIdentifier>verilogSource:vivado.xilinx.com:synthesis</spirit:envIdentifier>
        <spirit:language>verilog</spirit:language>
        <spirit:fileSetRef>
          <spirit:localName>xilinx_verilogsynthesis_view_fileset</spirit:localName>
        </spirit:fileSetRef>
        <spirit:parameters>
          <spirit:parameter>
            <spirit:name>customizationCRC</spirit:name>
            <spirit:value>86af155d</spirit:value>
          </spirit:parameter>
          <spirit:parameter>
            <spirit:name>customizationCRCversion</spirit:name>
            <spirit:value>4</spirit:value>
          </spirit:parameter>
          <spirit:parameter>
            <spirit:name>GENtimestamp</spirit:name>
            <spirit:value>Sat Jan 10 13:49:43 UTC 2015</spirit:value>
          </spirit:parameter>
          <spirit:parameter>
            <spirit:name>StaleAtRelink</spirit:name>
            <spirit:value>false</spirit:value>
          </spirit:parameter>
        </spirit:parameters>
      </spirit:view>
      <spirit:view>
        <spirit:name>xilinx_verilogsynthesiswrapper</spirit:name>
        <spirit:displayName>Verilog Synthesis Wrapper</spirit:displayName>
        <spirit:envIdentifier>verilogSource:vivado.xilinx.com:synthesis.wrapper</spirit:envIdentifier>
        <spirit:language>verilog</spirit:language>
        <spirit:fileSetRef>
          <spirit:localName>xilinx_verilogsynthesiswrapper_view_fileset</spirit:localName>
        </spirit:fileSetRef>
        <spirit:parameters>
          <spirit:parameter>
            <spirit:name>customizationCRC</spirit:name>
            <spirit:value>86af155d</spirit:value>
          </spirit:parameter>
          <spirit:parameter>
            <spirit:name>customizationCRCversion</spirit:name>
            <spirit:value>4</spirit:value>
          </spirit:parameter>
          <spirit:parameter>
            <spirit:name>GENtimestamp</spirit:name>
            <spirit:value>Sat Jan 10 13:49:44 UTC 2015</spirit:value>
          </spirit:parameter>
          <spirit:parameter>
            <spirit:name>StaleAtRelink</spirit:name>
            <spirit:value>false</spirit:value>
          </spirit:parameter>
        </spirit:parameters>
      </spirit:view>
      <spirit:view>
        <spirit:name>xilinx_verilogbehavioralsimulation</spirit:name>
        <spirit:displayName>Verilog Simulation</spirit:displayName>
        <spirit:envIdentifier>verilogSource:vivado.xilinx.com:simulation</spirit:envIdentifier>
        <spirit:language>verilog</spirit:language>
        <spirit:fileSetRef>
          <spirit:localName>xilinx_verilogbehavioralsimulation_view_fileset</spirit:localName>
        </spirit:fileSetRef>
        <spirit:parameters>
          <spirit:parameter>
            <spirit:name>customizationCRC</spirit:name>
            <spirit:value>6cb4644a</spirit:value>
          </spirit:parameter>
          <spirit:parameter>
            <spirit:name>customizationCRCversion</spirit:name>
            <spirit:value>4</spirit:value>
          </spirit:parameter>
          <spirit:parameter>
            <spirit:name>GENtimestamp</spirit:name>
            <spirit:value>Sat Jan 10 13:49:43 UTC 2015</spirit:value>
          </spirit:parameter>
          <spirit:parameter>
            <spirit:name>StaleAtRelink</spirit:name>
            <spirit:value>false</spirit:value>
          </spirit:parameter>
        </spirit:parameters>
      </spirit:view>
      <spirit:view>
        <spirit:name>xilinx_verilogsimulationwrapper</spirit:name>
        <spirit:displayName>Verilog Simulation Wrapper</spirit:displayName>
        <spirit:envIdentifier>verilogSource:vivado.xilinx.com:simulation.wrapper</spirit:envIdentifier>
        <spirit:language>verilog</spirit:language>
        <spirit:fileSetRef>
          <spirit:localName>xilinx_verilogsimulationwrapper_view_fileset</spirit:localName>
        </spirit:fileSetRef>
        <spirit:parameters>
          <spirit:parameter>
            <spirit:name>customizationCRC</spirit:name>
            <spirit:value>6cb4644a</spirit:value>
          </spirit:parameter>
          <spirit:parameter>
            <spirit:name>customizationCRCversion</spirit:name>
            <spirit:value>4</spirit:value>
          </spirit:parameter>
          <spirit:parameter>
            <spirit:name>GENtimestamp</spirit:name>
            <spirit:value>Sat Jan 10 13:49:44 UTC 2015</spirit:value>
          </spirit:parameter>
          <spirit:parameter>
            <spirit:name>StaleAtRelink</spirit:name>
            <spirit:value>false</spirit:value>
          </spirit:parameter>
        </spirit:parameters>
      </spirit:view>
      <spirit:view>
        <spirit:name>xilinx_versioninformation</spirit:name>
        <spirit:displayName>Version Information</spirit:displayName>
        <spirit:envIdentifier>:vivado.xilinx.com:docs.versioninfo</spirit:envIdentifier>
        <spirit:fileSetRef>
          <spirit:localName>xilinx_versioninformation_view_fileset</spirit:localName>
        </spirit:fileSetRef>
        <spirit:parameters>
          <spirit:parameter>
            <spirit:name>customizationCRC</spirit:name>
            <spirit:value>86af155d</spirit:value>
          </spirit:parameter>
          <spirit:parameter>
            <spirit:name>customizationCRCversion</spirit:name>
            <spirit:value>4</spirit:value>
          </spirit:parameter>
          <spirit:parameter>
            <spirit:name>GENtimestamp</spirit:name>
            <spirit:value>Sat Jan 10 13:49:44 UTC 2015</spirit:value>
          </spirit:parameter>
          <spirit:parameter>
            <spirit:name>StaleAtRelink</spirit:name>
            <spirit:value>false</spirit:value>
          </spirit:parameter>
        </spirit:parameters>
      </spirit:view>
    </spirit:views>
    <spirit:ports>
      <spirit:port>
        <spirit:name>dout</spirit:name>
        <spirit:wire>
          <spirit:direction>out</spirit:direction>
          <spirit:vector>
            <spirit:left spirit:format="long" spirit:resolve="dependent" spirit:dependency="(spirit:decode(id(&apos;MODELPARAM_VALUE.CONST_WIDTH&apos;)) - 1)">0</spirit:left>
            <spirit:right spirit:format="long" spirit:resolve="immediate">0</spirit:right>
          </spirit:vector>
          <spirit:wireTypeDefs>
            <spirit:wireTypeDef>
              <spirit:typeName>std_logic_vector</spirit:typeName>
              <spirit:viewNameRef>xilinx_verilogsynthesis</spirit:viewNameRef>
              <spirit:viewNameRef>xilinx_verilogbehavioralsimulation</spirit:viewNameRef>
            </spirit:wireTypeDef>
          </spirit:wireTypeDefs>
        </spirit:wire>
      </spirit:port>
    </spirit:ports>
    <spirit:modelParameters>
      <spirit:modelParameter xsi:type="spirit:nameValueTypeType" spirit:dataType="integer">
        <spirit:name>CONST_VAL</spirit:name>
        <spirit:displayName>Const Val</spirit:displayName>
        <spirit:value spirit:format="string" spirit:resolve="generated" spirit:id="MODELPARAM_VALUE.CONST_VAL">1</spirit:value>
      </spirit:modelParameter>
      <spirit:modelParameter spirit:dataType="integer">
        <spirit:name>CONST_WIDTH</spirit:name>
        <spirit:displayName>Const Width</spirit:displayName>
        <spirit:value spirit:format="long" spirit:resolve="generated" spirit:id="MODELPARAM_VALUE.CONST_WIDTH">1</spirit:value>
      </spirit:modelParameter>
    </spirit:modelParameters>
  </spirit:model>
  <spirit:fileSets>
    <spirit:fileSet>
      <spirit:name>xilinx_veriloginstantiationtemplate_view_fileset</spirit:name>
      <spirit:file>
        <spirit:name>system_xlconstant_0_0.veo</spirit:name>
        <spirit:userFileType>verilogTemplate</spirit:userFileType>
      </spirit:file>
    </spirit:fileSet>
    <spirit:fileSet>
      <spirit:name>xilinx_verilogsynthesis_view_fileset</spirit:name>
      <spirit:file>
        <spirit:name>../../../../ipshared/xilinx.com/xlconstant_v1_1/36911fd5/xlconstant.v</spirit:name>
        <spirit:fileType>verilogSource</spirit:fileType>
        <spirit:logicalName>work</spirit:logicalName>
      </spirit:file>
    </spirit:fileSet>
    <spirit:fileSet>
      <spirit:name>xilinx_verilogsynthesiswrapper_view_fileset</spirit:name>
      <spirit:file>
        <spirit:name>sim/system_xlconstant_0_0.v</spirit:name>
        <spirit:fileType>verilogSource</spirit:fileType>
      </spirit:file>
    </spirit:fileSet>
    <spirit:fileSet>
      <spirit:name>xilinx_verilogbehavioralsimulation_view_fileset</spirit:name>
      <spirit:file>
        <spirit:name>../../../../ipshared/xilinx.com/xlconstant_v1_1/36911fd5/xlconstant.v</spirit:name>
        <spirit:fileType>verilogSource</spirit:fileType>
        <spirit:logicalName>work</spirit:logicalName>
      </spirit:file>
    </spirit:fileSet>
    <spirit:fileSet>
      <spirit:name>xilinx_verilogsimulationwrapper_view_fileset</spirit:name>
      <spirit:file>
        <spirit:name>sim/system_xlconstant_0_0.v</spirit:name>
        <spirit:fileType>verilogSource</spirit:fileType>
      </spirit:file>
    </spirit:fileSet>
    <spirit:fileSet>
      <spirit:name>xilinx_versioninformation_view_fileset</spirit:name>
      <spirit:file>
        <spirit:name>doc/xlconstant_v1_1_changelog.txt</spirit:name>
        <spirit:userFileType>text</spirit:userFileType>
      </spirit:file>
    </spirit:fileSet>
  </spirit:fileSets>
  <spirit:description>Gives a constant signed value.</spirit:description>
  <spirit:parameters>
    <spirit:parameter>
      <spirit:name>CONST_WIDTH</spirit:name>
      <spirit:displayName>Const Width</spirit:displayName>
      <spirit:value spirit:format="long" spirit:resolve="user" spirit:id="PARAM_VALUE.CONST_WIDTH" spirit:order="1100" spirit:minimum="1" spirit:maximum="4096">1</spirit:value>
    </spirit:parameter>
    <spirit:parameter>
      <spirit:name>CONST_VAL</spirit:name>
      <spirit:displayName>Const Val</spirit:displayName>
      <spirit:value spirit:format="string" spirit:resolve="user" spirit:id="PARAM_VALUE.CONST_VAL" spirit:order="1200">1</spirit:value>
    </spirit:parameter>
    <spirit:parameter>
      <spirit:name>Component_Name</spirit:name>
      <spirit:value spirit:resolve="user" spirit:id="PARAM_VALUE.Component_Name" spirit:order="1">system_xlconstant_0_0</spirit:value>
    </spirit:parameter>
  </spirit:parameters>
  <spirit:vendorExtensions>
    <xilinx:coreExtensions>
      <xilinx:supportedFamilies>
        <xilinx:family xilinx:lifeCycle="Production">artix7</xilinx:family>
        <xilinx:family xilinx:lifeCycle="Production">kintex7</xilinx:family>
        <xilinx:family xilinx:lifeCycle="Production">kintex7l</xilinx:family>
        <xilinx:family xilinx:lifeCycle="Production">virtex7</xilinx:family>
        <xilinx:family xilinx:lifeCycle="Production">virtex7l</xilinx:family>
        <xilinx:family xilinx:lifeCycle="Production">zynq</xilinx:family>
        <xilinx:family xilinx:lifeCycle="Production">artix7l</xilinx:family>
        <xilinx:family xilinx:lifeCycle="Production">aartix7</xilinx:family>
        <xilinx:family xilinx:lifeCycle="Production">qvirtex7</xilinx:family>
        <xilinx:family xilinx:lifeCycle="Production">qkintex7</xilinx:family>
        <xilinx:family xilinx:lifeCycle="Production">qvirtex7l</xilinx:family>
        <xilinx:family xilinx:lifeCycle="Production">qkintex7l</xilinx:family>
        <xilinx:family xilinx:lifeCycle="Production">qartix7</xilinx:family>
        <xilinx:family xilinx:lifeCycle="Production">qartix7l</xilinx:family>
        <xilinx:family xilinx:lifeCycle="Production">qzynq</xilinx:family>
        <xilinx:family xilinx:lifeCycle="Production">azynq</xilinx:family>
        <xilinx:family xilinx:lifeCycle="Production">olyevalarch</xilinx:family>
        <xilinx:family xilinx:lifeCycle="Production">kintexu</xilinx:family>
        <xilinx:family xilinx:lifeCycle="Production">virtexu</xilinx:family>
        <xilinx:family xilinx:lifeCycle="Production">zynq7000</xilinx:family>
      </xilinx:supportedFamilies>
      <xilinx:taxonomies>
        <xilinx:taxonomy>/Basic_Elements</xilinx:taxonomy>
      </xilinx:taxonomies>
      <xilinx:displayName>Constant</xilinx:displayName>
      <xilinx:designToolContexts>
        <xilinx:designToolContext>IPI</xilinx:designToolContext>
      </xilinx:designToolContexts>
      <xilinx:vendorURL>http://www.xilinx.com</xilinx:vendorURL>
      <xilinx:coreRevision>1</xilinx:coreRevision>
      <xilinx:coreCreationDateTime>2014-03-14T17:01:52Z</xilinx:coreCreationDateTime>
    </xilinx:coreExtensions>
    <xilinx:packagingInfo>
      <xilinx:xilinxVersion>2014.2.0</xilinx:xilinxVersion>
      <xilinx:checksum xilinx:scope="fileGroups" xilinx:value="72f230b8"/>
      <xilinx:checksum xilinx:scope="ports" xilinx:value="29239cd1"/>
      <xilinx:checksum xilinx:scope="hdlParameters" xilinx:value="588743ee"/>
      <xilinx:checksum xilinx:scope="parameters" xilinx:value="fc3dd422"/>
    </xilinx:packagingInfo>
  </spirit:vendorExtensions>
</spirit:component>